{
    "stu_train_loss": [
        33.75467648602172,
        17.499103930172502,
        11.652842348854014,
        6.971310385121595,
        4.1970841484581864,
        2.871189474259447,
        2.1440044113453602,
        1.70942176348411,
        1.4787820825640787,
        1.2717904644524491,
        1.1849051677940676,
        1.1026163189203146,
        0.9811359587931793,
        0.8707213965838387,
        0.7711116723566247,
        0.7644798691640764,
        0.7534515441664114
    ],
    "mentor_train_loss": [
        32.139560059413014,
        18.481663236682046,
        12.749179040025545,
        7.234997912541332,
        4.24257711276112,
        2.716646692096787,
        2.076473720921766,
        1.616567068452003,
        1.3706111667940282,
        1.1896821592478144,
        1.1122688523074924,
        0.9737999927277533,
        0.8999228893510447,
        0.8315555193280214,
        0.697133400696236,
        0.6823021713519256,
        0.6699273726284104
    ]
}