{
    "stu_train_loss": [
        26.82516066339992,
        10.637239240159925,
        4.415572804892623,
        2.346351888355793,
        1.6806695125247009,
        1.3854800058691294,
        1.1355559685886307,
        1.0405965173404488,
        0.9471771087022436,
        0.7392584099465569,
        0.7214676797790015,
        0.7155318296195676,
        0.7182112994210031,
        0.7151505331065031,
        0.7134252861642197,
        0.7154142620579508,
        0.7138230827630766,
        0.7114865059820598,
        0.7110693638756771,
        0.716137478415598,
        0.7142045397886494,
        0.7169350213652489,
        0.7122261240178307,
        0.7100395930293423,
        0.7116719887360631,
        0.7106039440071823,
        0.7133517859366116,
        0.7144249899675382,
        0.7123986832647515,
        0.7136636406383259,
        0.7149567310042029,
        0.714636815674353,
        0.7131714884866804,
        0.7144636049766668,
        0.7119471970820587,
        0.7127188648153472,
        0.7116810513422793,
        0.7102382352088121,
        0.7148701459569419,
        0.7155666627339868,
        0.7149179432816153,
        0.711681487776289,
        0.7107579359072167,
        0.7097991464922092,
        0.7125110169185088,
        0.7102462012295755,
        0.7133947451842712,
        0.7173284130208444,
        0.7165801597121578,
        0.7153075207399842,
        0.7126529968824963,
        0.7137090949804191,
        0.7127571477986022,
        0.7121297409070418
    ],
    "mentor_train_loss": [
        25.446389179101725,
        10.73079485861247,
        3.938458615501455,
        2.1311817097183843,
        1.4925988056515687,
        1.169763872487433,
        1.0406184424489937,
        0.9097889241756209,
        0.7259502002856876,
        0.7127243268409832,
        0.7109012727769429,
        0.7103289449774979,
        0.7112500939593219,
        0.7107821704957309,
        0.7106424354066785,
        0.7113973870373412,
        0.7104420261895097,
        0.709718552211787,
        0.7101904293834763,
        0.7110295074698109,
        0.7110777604299904,
        0.710707633087299,
        0.7107459946766795,
        0.7098523894412405,
        0.7105344704933615,
        0.7096360327813449,
        0.7101746797561646,
        0.7103942125635659,
        0.7101791249025589,
        0.7101149427010709,
        0.7104985969978691,
        0.7109121727263368,
        0.7108475061871061,
        0.7107241307729043,
        0.7100226127061268,
        0.7103908854042924,
        0.7097777067214851,
        0.7100076146373813,
        0.7105974204988288,
        0.7110131545954903,
        0.7099042760845798,
        0.7098072887267042,
        0.7101245381488096,
        0.7091508609736525,
        0.7095869375555307,
        0.7096376820098633,
        0.7099042462822575,
        0.7105357160904263,
        0.7103723525600946,
        0.7100236721886884,
        0.7094386159973657,
        0.7097487506650438,
        0.7098194633754308,
        0.7094925359991573
    ]
}