{
    "stu_train_loss": [
        0.13963586697042388,
        0.13756269691574494,
        0.13857648441655523,
        0.13603235406163555,
        0.13634523289315653,
        0.13851185798044974,
        0.13671194882000853,
        0.13668630067134063,
        0.13749199945654644,
        0.13626135740704184,
        0.13772603864437782,
        0.13721823467304242
    ],
    "mentor_train_loss": [
        0.08348018366018398,
        0.08217004091547639,
        0.08141425386971275,
        0.08066946023062571,
        0.08070640745979027,
        0.08102873922794457,
        0.08076821447618855,
        0.08072980578313738,
        0.08087461146732304,
        0.08064185382935825,
        0.08085905935540295,
        0.08079817991128704
    ]
}